Hoja de vida,Imprimir,PLACA,NOMBRE DEL EQUIPO,MARCA,MODELO,SERIE,SEDE,AREA,INSTITUCION (CLIENTE),CLASIFICACION DE RIESGO,REGISTRO INVIMA,Movimientos,Parámetros,Accesorios,Certificados metrológicos,CLASIFICACION BIOMEDICA,Consecutivo etiqueta,COSTO DEL EQUIPO,Criticidad,Curvas de tendencia,Código monitor,Documentos,Estado,VIDA UTIL,Evaluación,Eventos/incidentes,Fabricante,Fecha compra,Fecha de migración,Fecha de vencimiento licencia de software,Fecha finaliza funcionamiento,Fecha finaliza garantía proveedor,Fecha inicio funcionamiento,Fecha inicio garantía proveedor,FRECUENCIA CALIBRACION,Frec. Calificación,Frec. Control de calidad,FRECUENCIA DE MANTENIMIENTO,Frec. Validación,Frec. Verificación,Garantía,Historial documental,   Id,Importador,Imágenes,Lote,Metrología,Modalidad,Nombre sistemas,N° factura,Observaciones,País,Precio compra USD,Presentación comercial,Prioridad,Prom. Uso mensual (HH:MM),Propietario,Proveedor de adquisición,Proveedor de calibración,Proveedor de calificación,Proveedor de mantenimiento,Responsable asignación,Riesgo,Sede,Serial SW,Serial disco duro,Serial monitor,Serial mouse,Serial teclado,Servicio de sistemas,Sistema operativo,Servicio de sistemas_2,Tiene QR,Tipo de sistema,Titular,Verificación de documentos,last_calibration
26,71,93,Equipo biomédico ficticio 01,Dräger,MOD-8348,SN-FAKE-0001,"1, 0, BIOMEDICOS, SOTANO",UCI PEDIATRICA,CENTRO DE CUIDADOS CARDIONEUROVASCULARES PABON,Clase IIA,2019EBC-0003486-R1,37,4,94,65,Biomédico,92,Equipo biomédico ficticio 01,62,75,42,48,Activo,No determinado,50,64,DOMETAL SAS,2024-07-06,2023-10-11,2025-05-05,2025-02-23,2023-11-07,2023-04-01,2024-09-11,2025-01-25,98,4,77,18,99,Vencida,67,50,79,39,32,39,Compra,Equipo biomédico ficticio 01,00008991,"EQUIPO DADO DE BAJA, PENDIENTE ACTA DE BAJA POR LA COORDINACIÓN GESTIÓN DE LA TECNOLOGÍA",Colombia,48,19,41,14,50,COVIDIEN COLOMBIA,2024-09-12,86,49,22,No Evaluado,SAN IGNACIO,SN-FAKE-0001,SN-FAKE-0001,SN-FAKE-0001,SN-FAKE-0001,SN-FAKE-0001,53,96,16,No,Otro,PHYSIOTRAUMA SAS,49,2024-06-25
77,58,1,Equipo biomédico ficticio 02,GE Healthcare,MOD-4473,SN-FAKE-0002,"1, 4, UCI PEDIATRICA, CUBICULO 06",UCI PEDIATRICA,CENTRO DE CUIDADOS CARDIONEUROVASCULARES PABON,Clase IIB,2017DM-0015978,26,72,68,6,Biomédico,41,Equipo biomédico ficticio 02,34,40,49,77,Activo,No determinado,29,37,CA-MI SRL,2023-01-27,2026-02-05,2023-03-25,2023-09-25,2025-04-25,2026-04-22,2023-10-19,2024-08-28,18,81,84,65,81,No Definida,29,100,74,45,65,13,Compra,Equipo biomédico ficticio 02,134,"EQUIPO DADO DE BAJA, PENDIENTE ACTA DE BAJA POR LA COORDINACIÓN GESTIÓN DE LA TECNOLOGÍA",China,61,82,54,26,66,SEGTEC,2023-05-16,50,57,99,No Evaluado,SAN IGNACIO,SN-FAKE-0002,SN-FAKE-0002,SN-FAKE-0002,SN-FAKE-0002,SN-FAKE-0002,18,10,87,No,Otro,RUDOLF RIESTER GMBH,13,2024-08-19
27,6,10,Equipo biomédico ficticio 03,GE Healthcare,MOD-3815,SN-FAKE-0003,"1, 4, UCI PEDIATRICA, CUBICULO 02",UCI PEDIATRICA,CENTRO DE CUIDADOS CARDIONEUROVASCULARES PABON,Clase IIB,2017DM-0015978,12,84,39,32,Biomédico,96,Equipo biomédico ficticio 03,70,10,14,81,Activo,No determinado,64,89,PAHSCO,2024-04-23,2025-06-09,2025-04-16,2024-08-26,2024-10-24,2024-03-26,2025-05-21,2025-11-05,94,62,9,72,59,Vencida,82,70,58,30,8,58,Compra,Equipo biomédico ficticio 03,BIO-11588,"EQUIPO DADO DE BAJA, PENDIENTE ACTA DE BAJA POR LA COORDINACIÓN GESTIÓN DE LA TECNOLOGÍA",China,6,8,58,23,98,BIOELECROMEDICAL,2025-05-19,66,69,83,No Evaluado,SAN IGNACIO,SN-FAKE-0003,SN-FAKE-0003,SN-FAKE-0003,SN-FAKE-0003,SN-FAKE-0003,84,59,34,No,Otro,"PACIFIC HOSPITAL SUPPLYCO., LTD.",39,2023-08-22
33,9,34,Equipo biomédico ficticio 04,Philips,MOD-4807,SN-FAKE-0004,"1, 7, SEPTIMO 7CD, CUBICULO 726",UCI PEDIATRICA,CENTRO DE CUIDADOS CARDIONEUROVASCULARES PABON,Clase IIB,2017DM-0015978,8,29,64,8,Biomédico,4,Equipo biomédico ficticio 04,67,82,82,6,Activo,No determinado,46,85,"SHENZHEN MINDRAY BIOMEDICAL ELECTRONICS CO.,LTD",2024-11-29,2024-10-20,2026-04-20,2025-05-06,2023-01-13,2025-04-16,2024-02-01,2025-06-24,20,89,15,2,93,Vencida,24,74,89,13,47,84,Compra,Equipo biomédico ficticio 04,1216,"EQUIPO DADO DE BAJA, PENDIENTE ACTA DE BAJA POR LA COORDINACIÓN GESTIÓN DE LA TECNOLOGÍA",China,15,41,80,84,6,DOMETAL SAS,2023-08-10,46,50,49,No Evaluado,SAN IGNACIO,SN-FAKE-0004,SN-FAKE-0004,SN-FAKE-0004,SN-FAKE-0004,SN-FAKE-0004,30,82,67,No,Otro,"PACIFIC HOSPITAL SUPPLYCO., LTD.",36,2023-05-01
76,51,2,Equipo biomédico ficticio 05,Dräger,MOD-5106,SN-FAKE-0005,"1, 0, BIOMEDICOS, SOTANO",UCI PEDIATRICA,CENTRO DE CUIDADOS CARDIONEUROVASCULARES PABON,Clase I,2014DM-0010936,11,32,48,68,Biomédico,27,Equipo biomédico ficticio 05,66,37,29,68,Activo,2 años,5,58,INMEQUIPOS IMETAN SAS,2026-02-27,2026-03-29,2022-10-24,2023-10-26,2024-07-15,2025-11-08,2025-12-01,2022-09-11,17,86,16,90,44,Vencida,6,58,5,96,47,44,Compra,Equipo biomédico ficticio 05,1258,"EQUIPO DADO DE BAJA, PENDIENTE ACTA DE BAJA POR LA COORDINACIÓN GESTIÓN DE LA TECNOLOGÍA",China,98,13,70,64,50,DOMETAL SAS,2025-12-14,32,21,45,No Evaluado,SAN IGNACIO,SN-FAKE-0005,SN-FAKE-0005,SN-FAKE-0005,SN-FAKE-0005,SN-FAKE-0005,82,87,15,No,Otro,PHYSIOTRAUMA SAS,33,2022-12-13
1,27,89,Equipo biomédico ficticio 06,Medtronic,MOD-9325,SN-FAKE-0006,"1, 4, UCI PEDIATRICA, CUBICULO 07",UCI PEDIATRICA,CENTRO DE CUIDADOS CARDIONEUROVASCULARES PABON,Clase IIB,2019EBC-0003486-R1,66,40,36,74,Biomédico,36,Equipo biomédico ficticio 06,48,4,25,67,Activo,No determinado,96,7,MINDRAY,2023-12-31,2023-05-11,2022-11-24,2024-07-20,2025-01-14,2022-10-15,2025-07-29,2024-07-03,64,3,71,91,86,Vencida,67,50,53,58,90,66,Compra,Equipo biomédico ficticio 06,134,"EQUIPO DADO DE BAJA, PENDIENTE ACTA DE BAJA POR LA COORDINACIÓN GESTIÓN DE LA TECNOLOGÍA",Mexico,53,32,84,55,99,INVERMEDICA,2024-02-27,88,18,85,No Evaluado,SAN IGNACIO,SN-FAKE-0006,SN-FAKE-0006,SN-FAKE-0006,SN-FAKE-0006,SN-FAKE-0006,22,25,68,No,Otro,RUDOLF RIESTER GMBH,49,2025-03-07
54,11,65,Equipo biomédico ficticio 07,Dräger,MOD-2925,SN-FAKE-0007,"1, 4, UCI PEDIATRICA, CUBICULO 01",UCI PEDIATRICA,CENTRO DE CUIDADOS CARDIONEUROVASCULARES PABON,Clase IIA,2019EBC-0003486-R1,6,61,67,55,Biomédico,97,Equipo biomédico ficticio 07,53,24,83,66,Activo,0,20,5,INMEQUIPOS IMETAN SAS,2025-01-22,2023-11-27,2026-09-02,2024-09-13,2025-01-17,2023-09-05,2026-02-20,2025-07-07,82,99,15,19,37,Vencida,19,8,93,93,92,61,Compra,Equipo biomédico ficticio 07,BIO-11588,"EQUIPO DADO DE BAJA, PENDIENTE ACTA DE BAJA POR LA COORDINACIÓN GESTIÓN DE LA TECNOLOGÍA",Colombia,33,29,65,49,37,BIOSERVICIOS S.A.S,2023-04-17,100,71,72,No Evaluado,SAN IGNACIO,SN-FAKE-0007,SN-FAKE-0007,SN-FAKE-0007,SN-FAKE-0007,SN-FAKE-0007,94,49,79,No,Otro,PHYSIOTRAUMA SAS,5,2025-04-30
88,39,1,Equipo biomédico ficticio 08,GE Healthcare,MOD-5173,SN-FAKE-0008,"1, 4, UCI PEDIATRICA, CUBICULO 10",UCI PEDIATRICA,CENTRO DE CUIDADOS CARDIONEUROVASCULARES PABON,Clase I,2021DM-0008031-R1,78,65,39,87,Biomédico,28,Equipo biomédico ficticio 08,39,34,83,44,Activo,0,45,21,BOKANG MEDICAL TRAETMENT,2024-02-10,2022-08-23,2024-04-13,2023-04-05,2022-08-17,2024-08-13,2023-05-09,2026-08-05,16,74,6,70,42,Vencida,47,19,6,52,94,9,Compra,Equipo biomédico ficticio 08,00008991,"EQUIPO DADO DE BAJA, PENDIENTE ACTA DE BAJA POR LA COORDINACIÓN GESTIÓN DE LA TECNOLOGÍA",Colombia,69,62,50,74,15,ASSIST INGENIERIA,2024-10-10,6,63,45,No Evaluado,SAN IGNACIO,SN-FAKE-0008,SN-FAKE-0008,SN-FAKE-0008,SN-FAKE-0008,SN-FAKE-0008,43,24,35,No,Otro,DOMETAL SAS,62,2024-03-01
79,12,18,Equipo biomédico ficticio 09,Mindray,MOD-8856,SN-FAKE-0009,"1, 4, UCI PEDIATRICA, CUBICULO 01",UCI PEDIATRICA,CENTRO DE CUIDADOS CARDIONEUROVASCULARES PABON,Clase I,2021DM-0024558,28,51,70,57,Biomédico,62,Equipo biomédico ficticio 09,16,82,86,77,Activo,4 años,36,29,RUDOLF RIESTER GMBH,2026-02-22,2023-11-29,2024-02-03,2023-06-25,2023-11-02,2025-11-15,2026-04-07,2026-08-06,34,28,69,72,20,Vencida,42,87,43,96,1,54,Compra,Equipo biomédico ficticio 09,134,"EQUIPO DADO DE BAJA, PENDIENTE ACTA DE BAJA POR LA COORDINACIÓN GESTIÓN DE LA TECNOLOGÍA",Colombia,51,93,68,46,29,DOMETAL,2024-03-31,67,72,43,No Evaluado,SAN IGNACIO,SN-FAKE-0009,SN-FAKE-0009,SN-FAKE-0009,SN-FAKE-0009,SN-FAKE-0009,67,83,89,No,Otro,"PACIFIC HOSPITAL SUPPLYCO., LTD.",6,2025-01-16
95,27,52,Equipo biomédico ficticio 10,Dräger,MOD-5656,SN-FAKE-0010,"1, 4, UCI PEDIATRICA, CUBICULO 07",UCI PEDIATRICA,CENTRO DE CUIDADOS CARDIONEUROVASCULARES PABON,Clase I,2019EBC-0001832-R1,42,15,53,27,Biomédico,70,Equipo biomédico ficticio 10,38,4,17,70,Activo,No determinado,37,9,"SHENZHEN MINDRAY BIOMEDICAL ELECTRONICS CO.,LTD",2025-05-20,2026-07-04,2024-12-10,2024-03-18,2024-04-03,2023-04-02,2026-05-13,2023-09-13,54,83,30,12,2,Vencida,24,68,54,3,45,16,Compra,Equipo biomédico ficticio 10,091,"EQUIPO DADO DE BAJA, PENDIENTE ACTA DE BAJA POR LA COORDINACIÓN GESTIÓN DE LA TECNOLOGÍA",Italy,1,17,74,2,67,NO APLICA,2022-08-21,74,39,88,No Evaluado,SAN IGNACIO,SN-FAKE-0010,SN-FAKE-0010,SN-FAKE-0010,SN-FAKE-0010,SN-FAKE-0010,56,98,95,No,Otro,MINDRAY MEDICAL COLOMBIA SAS,34,2025-04-23
17,18,83,Equipo biomédico ficticio 11,Mindray,MOD-8868,SN-FAKE-0011,"1, 4, UCI PEDIATRICA, CARRO DE PARO",UCI PEDIATRICA,CENTRO DE CUIDADOS CARDIONEUROVASCULARES PABON,Clase I,2019DM-0019998,83,24,25,17,Biomédico,54,Equipo biomédico ficticio 11,76,2,25,41,Activo,0,71,92,"RESPIRONICS NOVAMETRIX, LLC",2025-09-29,2025-10-13,2025-10-03,2022-12-06,2024-11-10,2022-10-09,2025-05-26,2023-08-04,70,34,23,62,18,Vencida,79,7,32,46,91,33,Compra,Equipo biomédico ficticio 11,BIO-11588,"EQUIPO DADO DE BAJA, PENDIENTE ACTA DE BAJA POR LA COORDINACIÓN GESTIÓN DE LA TECNOLOGÍA",Mexico,26,25,18,37,35,SEGTEC,2026-05-25,28,32,9,No Evaluado,SAN IGNACIO,SN-FAKE-0011,SN-FAKE-0011,SN-FAKE-0011,SN-FAKE-0011,SN-FAKE-0011,37,79,50,No,Otro,MINDRAY MEDICAL COLOMBIA SAS,13,2023-09-07
43,84,95,Equipo biomédico ficticio 12,Medtronic,MOD-7630,SN-FAKE-0012,"1, 4, UCI PEDIATRICA, CUBICULO 04",UCI PEDIATRICA,CENTRO DE CUIDADOS CARDIONEUROVASCULARES PABON,Clase IIB,2019EBC-0003486-R1,7,52,24,55,Biomédico,81,Equipo biomédico ficticio 12,57,16,6,48,Activo,No determinado,95,66,"RESPIRONICS NOVAMETRIX, LLC",2026-04-19,2024-10-17,2024-06-24,2025-10-17,2025-05-09,2025-08-07,2025-04-12,2024-04-04,52,75,82,72,38,Vencida,98,92,67,48,14,78,Compra,Equipo biomédico ficticio 12,1258,"EQUIPO DADO DE BAJA, PENDIENTE ACTA DE BAJA POR LA COORDINACIÓN GESTIÓN DE LA TECNOLOGÍA",China,88,6,51,31,88,BIOSERVICIOS S.A.S,2025-08-16,4,5,68,No Evaluado,SAN IGNACIO,SN-FAKE-0012,SN-FAKE-0012,SN-FAKE-0012,SN-FAKE-0012,SN-FAKE-0012,19,46,72,No,Otro,RUDOLF RIESTER GMBH,50,2025-01-19
27,31,95,Equipo biomédico ficticio 13,Dräger,MOD-7837,SN-FAKE-0013,"1, 4, UCI PEDIATRICA, CUBICULO 01",UCI PEDIATRICA,CENTRO DE CUIDADOS CARDIONEUROVASCULARES PABON,Clase IIA,2019EBC-0001832-R1,36,3,98,27,Biomédico,59,Equipo biomédico ficticio 13,82,90,48,51,Activo,No determinado,23,77,INDUSTRIA DE DOTACIONES METALICAS DOMETAL S.A.S,2024-09-04,2025-09-03,2023-07-17,2025-05-17,2022-11-04,2026-02-24,2026-04-20,2024-02-02,68,37,32,44,19,Vencida,44,70,9,16,98,43,Compra,Equipo biomédico ficticio 13,3666,"EQUIPO DADO DE BAJA, PENDIENTE ACTA DE BAJA POR LA COORDINACIÓN GESTIÓN DE LA TECNOLOGÍA",China,22,82,42,84,39,SEGTEC,2024-09-25,15,13,43,No Evaluado,SAN IGNACIO,SN-FAKE-0013,SN-FAKE-0013,SN-FAKE-0013,SN-FAKE-0013,SN-FAKE-0013,68,4,35,No,Otro,"PACIFIC HOSPITAL SUPPLYCO., LTD.",7,2025-02-03
58,18,33,Equipo biomédico ficticio 14,Dräger,MOD-4767,SN-FAKE-0014,"1, 4, UCI PEDIATRICA, CUBICULO 01",UCI PEDIATRICA,CENTRO DE CUIDADOS CARDIONEUROVASCULARES PABON,Clase I,2014DM-0010936,59,20,31,61,Biomédico,13,Equipo biomédico ficticio 14,25,13,14,32,Activo,0,78,72,RIESTER,2025-02-24,2026-04-18,2025-03-01,2026-07-11,2026-02-04,2024-08-23,2024-01-02,2025-10-24,95,55,47,66,24,No Definida,63,15,19,35,74,89,Compra,Equipo biomédico ficticio 14,3666,"EQUIPO DADO DE BAJA, PENDIENTE ACTA DE BAJA POR LA COORDINACIÓN GESTIÓN DE LA TECNOLOGÍA",China,31,58,49,7,35,NO APLICA,2026-08-01,57,31,29,No Evaluado,SAN IGNACIO,SN-FAKE-0014,SN-FAKE-0014,SN-FAKE-0014,SN-FAKE-0014,SN-FAKE-0014,2,62,58,No,Otro,DOMETAL SAS,87,2025-10-11
34,25,44,Equipo biomédico ficticio 15,GE Healthcare,MOD-1836,SN-FAKE-0015,"1, 4, UCI PEDIATRICA, CUBICULO 01",SEPTIMO 7CD,CENTRO DE CUIDADOS CARDIONEUROVASCULARES PABON,Clase IIA,2018DM-0003366-R1,100,2,43,40,Biomédico,72,Equipo biomédico ficticio 15,37,27,76,29,Activo,No determinado,26,13,INMEQUIPOS IMETAN SAS,2026-04-30,2022-08-16,2022-09-14,2022-09-15,2025-11-13,2023-01-15,2024-04-26,2023-03-26,92,44,87,23,80,No Definida,69,11,53,75,89,98,Compra,Equipo biomédico ficticio 15,091,"EQUIPO DADO DE BAJA, PENDIENTE ACTA DE BAJA POR LA COORDINACIÓN GESTIÓN DE LA TECNOLOGÍA",Alemania,25,40,54,99,39,SEGTEC,2025-11-05,100,53,34,No Evaluado,SAN IGNACIO,SN-FAKE-0015,SN-FAKE-0015,SN-FAKE-0015,SN-FAKE-0015,SN-FAKE-0015,91,30,37,No,Otro,PHYSIOTRAUMA SAS,80,2025-05-27
89,19,30,Equipo biomédico ficticio 16,Dräger,MOD-9335,SN-FAKE-0016,"1, 4, UCI PEDIATRICA, CARRO DE PARO",UCI PEDIATRICA,CENTRO DE CUIDADOS CARDIONEUROVASCULARES PABON,Clase I,2014DM-0011112,91,91,52,58,Biomédico,41,Equipo biomédico ficticio 16,48,14,72,28,Activo,No determinado,98,48,BOKANG MEDICAL TRETMENT,2023-10-11,2023-12-01,2022-11-04,2024-09-04,2024-03-01,2025-08-16,2024-05-24,2023-10-20,44,90,27,28,24,Vencida,53,49,61,10,70,6,Compra,Equipo biomédico ficticio 16,OT-139,"EQUIPO DADO DE BAJA, PENDIENTE ACTA DE BAJA POR LA COORDINACIÓN GESTIÓN DE LA TECNOLOGÍA",Colombia,74,15,99,100,23,NO REGISTRA,2024-08-29,67,85,91,No Evaluado,SAN IGNACIO,SN-FAKE-0016,SN-FAKE-0016,SN-FAKE-0016,SN-FAKE-0016,SN-FAKE-0016,49,31,50,No,Otro,RUDOLF RIESTER GMBH,87,2023-08-08
33,100,92,Equipo biomédico ficticio 17,GE Healthcare,MOD-5701,SN-FAKE-0017,"1, 4, UCI PEDIATRICA, CUBICULO 05",UCI PEDIATRICA,CENTRO DE CUIDADOS CARDIONEUROVASCULARES PABON,Clase I,2014DM-0011125,36,34,60,12,Biomédico,60,Equipo biomédico ficticio 17,70,61,81,83,Activo,0,11,94,DOMETAL,2023-05-23,2024-09-23,2026-05-18,2025-02-04,2023-03-07,2023-12-15,2025-08-14,2025-01-28,54,18,7,73,51,Vencida,58,78,20,93,53,26,Compra,Equipo biomédico ficticio 17,00008991,"EQUIPO DADO DE BAJA, PENDIENTE ACTA DE BAJA POR LA COORDINACIÓN GESTIÓN DE LA TECNOLOGÍA",China,92,34,38,82,86,NO APLICA,2026-05-12,84,56,74,No Evaluado,SAN IGNACIO,SN-FAKE-0017,SN-FAKE-0017,SN-FAKE-0017,SN-FAKE-0017,SN-FAKE-0017,54,82,27,No,Otro,MINDRAY MEDICAL COLOMBIA SAS,23,2023-03-19
92,87,95,Equipo biomédico ficticio 18,Medtronic,MOD-8376,SN-FAKE-0018,"1, 4, UCI PEDIATRICA, CUBICULO 09",UCI PEDIATRICA,CENTRO DE CUIDADOS CARDIONEUROVASCULARES PABON,Clase I,2019DM-0019998,95,34,30,5,Biomédico,94,Equipo biomédico ficticio 18,45,45,53,53,Activo,No determinado,49,18,PAHSCO,2024-03-24,2023-09-05,2026-05-18,2026-05-28,2023-06-03,2023-08-21,2025-01-08,2025-01-03,22,19,51,83,44,Vencida,34,75,40,40,80,8,Compra,Equipo biomédico ficticio 18,1216,"EQUIPO DADO DE BAJA, PENDIENTE ACTA DE BAJA POR LA COORDINACIÓN GESTIÓN DE LA TECNOLOGÍA",Mexico,32,62,56,61,53,BIOSERVICIOS S.A.S,2025-01-26,96,65,65,No Evaluado,SAN IGNACIO,SN-FAKE-0018,SN-FAKE-0018,SN-FAKE-0018,SN-FAKE-0018,SN-FAKE-0018,87,22,22,No,Otro,MINDRAY MEDICAL COLOMBIA SAS,38,2024-09-25
54,39,6,Equipo biomédico ficticio 19,Philips,MOD-9159,SN-FAKE-0019,"1, 4, UCI PEDIATRICA, CARRO DE PARO",UCI PEDIATRICA,CENTRO DE CUIDADOS CARDIONEUROVASCULARES PABON,Clase I,2017DM-0001461-R1,62,89,76,30,Biomédico,20,Equipo biomédico ficticio 19,66,53,9,91,Activo,0,27,50,ACARE TECHNOLOGY CO.LTD,2022-09-25,2022-10-08,2024-05-06,2022-10-09,2026-05-20,2024-04-09,2022-09-07,2024-04-10,60,13,72,30,78,No Definida,57,10,72,6,71,80,Compra,Equipo biomédico ficticio 19,134,"EQUIPO DADO DE BAJA, PENDIENTE ACTA DE BAJA POR LA COORDINACIÓN GESTIÓN DE LA TECNOLOGÍA",China,39,83,20,93,31,NO APLICA,2023-10-14,23,54,35,No Evaluado,SAN IGNACIO,SN-FAKE-0019,SN-FAKE-0019,SN-FAKE-0019,SN-FAKE-0019,SN-FAKE-0019,37,93,75,No,Otro,"PACIFIC HOSPITAL SUPPLYCO., LTD.",83,2023-04-07
54,18,78,Equipo biomédico ficticio 20,Dräger,MOD-2575,SN-FAKE-0020,"1, 4, UCI PEDIATRICA, CUBICULO 06",UCI PEDIATRICA,CENTRO DE CUIDADOS CARDIONEUROVASCULARES PABON,Clase I,2021DM-0024558,87,89,22,29,Biomédico,91,Equipo biomédico ficticio 20,32,92,45,69,Activo,No determinado,76,75,"WENZHOU BOKANG INSTRUMENTS CO,. LTD",2024-09-23,2023-11-30,2026-03-23,2022-12-23,2026-06-30,2023-12-19,2023-12-12,2026-05-18,92,11,30,12,8,Vencida,28,50,59,86,28,76,Compra,Equipo biomédico ficticio 20,1258,"EQUIPO DADO DE BAJA, PENDIENTE ACTA DE BAJA POR LA COORDINACIÓN GESTIÓN DE LA TECNOLOGÍA",China,46,60,87,76,97,SEGTEC,2023-09-25,29,46,93,No Evaluado,SAN IGNACIO,SN-FAKE-0020,SN-FAKE-0020,SN-FAKE-0020,SN-FAKE-0020,SN-FAKE-0020,3,22,18,No,Otro,DOMETAL SAS,52,2026-06-21
64,35,70,Equipo biomédico ficticio 21,Mindray,MOD-7710,SN-FAKE-0021,"1, 4, UCI PEDIATRICA, CUBICULO 10",UCI PEDIATRICA,CENTRO DE CUIDADOS CARDIONEUROVASCULARES PABON,Clase I,2019DM-0019998,67,19,51,28,Biomédico,36,Equipo biomédico ficticio 21,36,100,63,50,Activo,No determinado,93,74,ACARE,2023-12-23,2025-05-03,2023-05-08,2026-04-23,2024-06-09,2025-04-26,2025-08-03,2025-10-03,7,84,63,90,88,Vencida,64,15,47,93,82,96,Compra,Equipo biomédico ficticio 21,1166248,"EQUIPO DADO DE BAJA, PENDIENTE ACTA DE BAJA POR LA COORDINACIÓN GESTIÓN DE LA TECNOLOGÍA",Germany,49,1,34,98,49,INVERMEDICA,2024-02-27,23,87,99,No Evaluado,SAN IGNACIO,SN-FAKE-0021,SN-FAKE-0021,SN-FAKE-0021,SN-FAKE-0021,SN-FAKE-0021,61,3,51,No,Otro,MINDRAY MEDICAL COLOMBIA SAS,97,2024-10-16
88,54,52,Equipo biomédico ficticio 22,Medtronic,MOD-3874,SN-FAKE-0022,"1, 4, UCI PEDIATRICA, CUBICULO 07",UCI PEDIATRICA,CENTRO DE CUIDADOS CARDIONEUROVASCULARES PABON,Clase IIB,2019EBC-0003486-R1,94,51,90,49,Biomédico,90,Equipo biomédico ficticio 22,38,13,84,75,Activo,0,79,37,WENZHOU BOKANG INSTRUMENTS,2024-06-05,2023-08-26,2024-09-23,2025-09-15,2024-05-30,2025-03-16,2025-08-04,2022-11-13,98,25,62,4,76,Vencida,50,56,35,77,13,26,Compra,Equipo biomédico ficticio 22,7671,"EQUIPO DADO DE BAJA, PENDIENTE ACTA DE BAJA POR LA COORDINACIÓN GESTIÓN DE LA TECNOLOGÍA",United States,83,53,10,89,49,COVIDIEN  COLOMBIA,2024-03-10,25,85,99,No Evaluado,SAN IGNACIO,SN-FAKE-0022,SN-FAKE-0022,SN-FAKE-0022,SN-FAKE-0022,SN-FAKE-0022,37,2,21,No,Otro,"PACIFIC HOSPITAL SUPPLYCO., LTD.",29,2024-10-30
97,6,98,Equipo biomédico ficticio 23,Philips,MOD-2319,SN-FAKE-0023,"1, 4, UCI PEDIATRICA, CUBICULO 04",SEPTIMO 7CD,CENTRO DE CUIDADOS CARDIONEUROVASCULARES PABON,Clase IIB,2021DM-0008031-R1,38,83,92,42,Biomédico,5,Equipo biomédico ficticio 23,87,38,61,10,Activo,No determinado,21,6,COVIDIEN,2023-02-15,2026-05-19,2022-09-09,2023-01-10,2025-06-09,2026-09-06,2026-07-07,2026-03-23,80,8,12,94,12,Vencida,5,7,19,1,13,58,Compra,Equipo biomédico ficticio 23,091,"EQUIPO DADO DE BAJA, PENDIENTE ACTA DE BAJA POR LA COORDINACIÓN GESTIÓN DE LA TECNOLOGÍA",Colombia,12,51,79,53,20,DOMETAL SAS,2026-06-15,56,77,67,No Evaluado,SAN IGNACIO,SN-FAKE-0023,SN-FAKE-0023,SN-FAKE-0023,SN-FAKE-0023,SN-FAKE-0023,16,66,84,No,Otro,DOMETAL SAS,80,2026-07-15
86,46,46,Equipo biomédico ficticio 24,Philips,MOD-1592,SN-FAKE-0024,"1, 7, SEPTIMO 7CD, CUBICULO 726",UCI PEDIATRICA,CENTRO DE CUIDADOS CARDIONEUROVASCULARES PABON,Clase IIB,2018DM-0018245,36,41,79,60,Biomédico,24,Equipo biomédico ficticio 24,62,4,84,41,Activo,No determinado,26,92,RIESTER,2022-11-09,2026-04-29,2024-06-14,2024-10-10,2023-12-29,2025-07-15,2026-06-10,2024-08-17,50,47,50,93,90,Vencida,33,22,82,28,58,36,Compra,Equipo biomédico ficticio 24,091,"EQUIPO DADO DE BAJA, PENDIENTE ACTA DE BAJA POR LA COORDINACIÓN GESTIÓN DE LA TECNOLOGÍA",Mexico,75,86,14,72,77,DOMETAL,2025-06-25,16,4,40,No Evaluado,SAN IGNACIO,SN-FAKE-0024,SN-FAKE-0024,SN-FAKE-0024,SN-FAKE-0024,SN-FAKE-0024,93,80,67,No,Otro,RUDOLF RIESTER GMBH,39,2025-05-19
21,13,26,Equipo biomédico ficticio 25,Dräger,MOD-7497,SN-FAKE-0025,"1, 4, HOSPITALIZACION PEDIATRICA, CUBICULO 5",BIOMEDICOS,CENTRO DE CUIDADOS CARDIONEUROVASCULARES PABON,Clase IIB,2014DM-0010936,48,3,50,2,Biomédico,13,Equipo biomédico ficticio 25,87,56,22,3,Activo,No determinado,71,31,DOMETAL SAS,2024-09-21,2023-08-17,2025-12-14,2024-01-19,2025-12-30,2023-04-08,2023-11-27,2023-09-12,36,14,61,5,91,Vencida,41,7,9,27,39,72,Compra,Equipo biomédico ficticio 25,00008991,"EQUIPO DADO DE BAJA, PENDIENTE ACTA DE BAJA POR LA COORDINACIÓN GESTIÓN DE LA TECNOLOGÍA",China,8,16,70,11,76,INVERMEDICA,2023-10-28,26,61,9,No Evaluado,SAN IGNACIO,SN-FAKE-0025,SN-FAKE-0025,SN-FAKE-0025,SN-FAKE-0025,SN-FAKE-0025,99,40,12,No,Otro,DOMETAL SAS,99,2023-02-03
13,76,62,Equipo biomédico ficticio 26,Philips,MOD-8894,SN-FAKE-0026,"1, 0, BODEGA ACTIVOS FIJOS, BODEGA ACTIVOS FIJOS",BODEGA ACTIVOS FIJOS,CENTRO DE CUIDADOS CARDIONEUROVASCULARES PABON,Clase IIB,2019DM-0019998,4,86,69,69,Biomédico,8,Equipo biomédico ficticio 26,4,72,37,31,Activo,0,78,70,AMERICAN DIAGNOSTIC CORPORATION,2022-10-17,2024-09-02,2024-06-09,2023-10-25,2025-07-09,2024-02-07,2023-12-14,2023-06-28,62,27,28,35,49,No Definida,60,13,28,41,83,24,Compra,Equipo biomédico ficticio 26,OT-139,"EQUIPO DADO DE BAJA, PENDIENTE ACTA DE BAJA POR LA COORDINACIÓN GESTIÓN DE LA TECNOLOGÍA",Mexico,64,57,9,14,19,INVERMEDICA,2024-08-29,58,43,72,No Evaluado,SAN IGNACIO,SN-FAKE-0026,SN-FAKE-0026,SN-FAKE-0026,SN-FAKE-0026,SN-FAKE-0026,95,17,91,No,Otro,PHYSIOTRAUMA SAS,78,2025-02-20
4,50,47,Equipo biomédico ficticio 27,GE Healthcare,MOD-6205,SN-FAKE-0027,"1, 4, UCI PEDIATRICA, CUBICULO 03",UCI PEDIATRICA,CENTRO DE CUIDADOS CARDIONEUROVASCULARES PABON,Clase IIA,2019EBC-0003486-R1,21,78,20,85,Biomédico,41,Equipo biomédico ficticio 27,64,50,48,20,Activo,No determinado,2,1,BOKANG MEDICAL TRAETMENT,2024-02-01,2022-08-14,2026-05-14,2026-08-28,2023-04-08,2024-05-20,2025-10-07,2026-05-03,21,93,25,77,59,Vencida,37,64,81,79,30,84,Compra,Equipo biomédico ficticio 27,1258,"EQUIPO DADO DE BAJA, PENDIENTE ACTA DE BAJA POR LA COORDINACIÓN GESTIÓN DE LA TECNOLOGÍA",Colombia,46,21,63,10,78,BIOELECTROMEDICAL SERVICE ,2023-10-09,68,30,82,No Evaluado,SAN IGNACIO,SN-FAKE-0027,SN-FAKE-0027,SN-FAKE-0027,SN-FAKE-0027,SN-FAKE-0027,30,50,71,No,Otro,RUDOLF RIESTER GMBH,99,2025-03-26
19,11,13,Equipo biomédico ficticio 28,GE Healthcare,MOD-2267,SN-FAKE-0028,"1, 4, UCI PEDIATRICA, CUBICULO 10",UCI PEDIATRICA,CENTRO DE CUIDADOS CARDIONEUROVASCULARES PABON,Clase IIB,2021DM-0008031-R1,82,15,98,86,Biomédico,49,Equipo biomédico ficticio 28,66,34,16,16,Activo,No determinado,85,36,ACARE,2024-04-03,2023-03-23,2023-08-25,2026-06-13,2025-11-21,2023-12-28,2024-05-27,2023-12-05,42,69,88,79,95,No Definida,7,3,64,43,18,70,Compra,Equipo biomédico ficticio 28,FE 1046,"EQUIPO DADO DE BAJA, PENDIENTE ACTA DE BAJA POR LA COORDINACIÓN GESTIÓN DE LA TECNOLOGÍA",China,92,10,35,15,32,INVERMEDICA,2025-11-01,46,55,53,No Evaluado,SAN IGNACIO,SN-FAKE-0028,SN-FAKE-0028,SN-FAKE-0028,SN-FAKE-0028,SN-FAKE-0028,35,73,5,No,Otro,RUDOLF RIESTER GMBH,11,2023-06-14
15,49,21,Equipo biomédico ficticio 29,Medtronic,MOD-1119,SN-FAKE-0029,"1, 4, UCI PEDIATRICA, CUBICULO 05",UCI PEDIATRICA,CENTRO DE CUIDADOS CARDIONEUROVASCULARES PABON,Clase IIB,2021DM-0024558,90,76,95,42,Biomédico,92,Equipo biomédico ficticio 29,42,99,15,68,Activo,No determinado,86,61,BOKANG MEDICAL TREATMENT,2025-09-14,2025-09-20,2023-03-15,2026-05-25,2023-09-24,2022-12-20,2025-06-10,2022-09-12,10,65,27,5,88,Vencida,88,54,95,67,78,10,Compra,Equipo biomédico ficticio 29,3666,"EQUIPO DADO DE BAJA, PENDIENTE ACTA DE BAJA POR LA COORDINACIÓN GESTIÓN DE LA TECNOLOGÍA",China,61,7,27,95,69,DOMETAL,2025-08-16,83,9,2,No Evaluado,SAN IGNACIO,SN-FAKE-0029,SN-FAKE-0029,SN-FAKE-0029,SN-FAKE-0029,SN-FAKE-0029,92,80,73,No,Otro,RUDOLF RIESTER GMBH,30,2024-01-08
27,35,97,Equipo biomédico ficticio 30,Philips,MOD-4688,SN-FAKE-0030,"1, 4, UCI PEDIATRICA, CUBICULO 03",UCI PEDIATRICA,CENTRO DE CUIDADOS CARDIONEUROVASCULARES PABON,Clase I,2019DM-0019944,94,39,57,2,Biomédico,60,Equipo biomédico ficticio 30,90,3,56,65,Activo,No determinado,27,30,WENZHOU BOKANG INSTRUMENTS,2024-03-22,2024-04-08,2025-03-02,2024-02-12,2023-11-11,2024-05-18,2023-10-09,2022-11-19,30,43,60,61,9,No Definida,57,82,46,28,63,73,Compra,Equipo biomédico ficticio 30,091,"EQUIPO DADO DE BAJA, PENDIENTE ACTA DE BAJA POR LA COORDINACIÓN GESTIÓN DE LA TECNOLOGÍA",United States,95,93,73,50,17,BIOELECTROMEDICAL,2024-04-20,87,6,74,No Evaluado,SAN IGNACIO,SN-FAKE-0030,SN-FAKE-0030,SN-FAKE-0030,SN-FAKE-0030,SN-FAKE-0030,17,18,70,No,Otro,PHYSIOTRAUMA SAS,34,2025-05-08
68,34,84,Equipo biomédico ficticio 31,Dräger,MOD-3870,SN-FAKE-0031,"1, 1 PISO, BIOMEDICOS, BIOMEDICOS",UCI PEDIATRICA,CENTRO DE CUIDADOS CARDIONEUROVASCULARES PABON,Clase IIA,2019EBC-0003486-R1,80,33,81,8,Biomédico,38,Equipo biomédico ficticio 31,14,1,61,9,Activo,No determinado,48,3,INDUSTRIA DE DOTACIONES METALICAS DOMETAL S.A.S,2024-09-08,2025-05-19,2025-09-02,2023-08-19,2024-01-12,2024-12-13,2023-04-25,2024-11-18,67,30,22,4,70,Vencida,85,53,45,36,43,86,Compra,Equipo biomédico ficticio 31,FE 1046,"EQUIPO DADO DE BAJA, PENDIENTE ACTA DE BAJA POR LA COORDINACIÓN GESTIÓN DE LA TECNOLOGÍA",Mexico,6,19,19,95,35,BIOELECROMEDICAL,2024-03-17,80,21,69,No Evaluado,SAN IGNACIO,SN-FAKE-0031,SN-FAKE-0031,SN-FAKE-0031,SN-FAKE-0031,SN-FAKE-0031,4,57,77,No,Otro,MINDRAY MEDICAL COLOMBIA SAS,99,2025-09-13
93,5,5,Equipo biomédico ficticio 32,Dräger,MOD-9959,SN-FAKE-0032,"1, 4, UCI PEDIATRICA, CUBICULO 07",UCI PEDIATRICA,CENTRO DE CUIDADOS CARDIONEUROVASCULARES PABON,Clase IIB,2019EBC-0001832-R1,7,3,33,80,Biomédico,12,Equipo biomédico ficticio 32,58,76,80,97,Activo,No determinado,19,15, IMEQUIPOS IMETAN S.A.S,2024-09-11,2023-05-04,2022-09-07,2022-08-18,2023-08-25,2025-09-15,2023-01-18,2023-09-02,80,10,23,46,42,Vencida,7,67,100,34,31,73,Compra,Equipo biomédico ficticio 32,091,"EQUIPO DADO DE BAJA, PENDIENTE ACTA DE BAJA POR LA COORDINACIÓN GESTIÓN DE LA TECNOLOGÍA",Colombia,86,73,39,71,49,SEGTEC,2026-08-06,90,55,99,No Evaluado,SAN IGNACIO,SN-FAKE-0032,SN-FAKE-0032,SN-FAKE-0032,SN-FAKE-0032,SN-FAKE-0032,25,4,96,No,Otro,RUDOLF RIESTER GMBH,63,2026-05-20
27,77,12,Equipo biomédico ficticio 33,Mindray,MOD-5417,SN-FAKE-0033,"1, 0, BODEGA ACTIVOS FIJOS, BODEGA ACTIVOS FIJOS",UCI PEDIATRICA,CENTRO DE CUIDADOS CARDIONEUROVASCULARES PABON,Clase I,2019EBC-0003486-R1,37,47,12,2,Biomédico,67,Equipo biomédico ficticio 33,71,50,56,48,Activo,0,32,12,GMD COLOMBIA SAS,2025-01-05,2023-01-21,2024-10-10,2024-09-18,2024-06-29,2025-11-03,2023-12-16,2023-10-30,78,35,51,31,46,Vencida,46,66,93,11,10,56,Compra,Equipo biomédico ficticio 33,BIO-11588,"EQUIPO DADO DE BAJA, PENDIENTE ACTA DE BAJA POR LA COORDINACIÓN GESTIÓN DE LA TECNOLOGÍA",China,89,6,35,55,6,INVERMEDICA LTDA,2026-04-01,65,35,44,No Evaluado,SAN IGNACIO,SN-FAKE-0033,SN-FAKE-0033,SN-FAKE-0033,SN-FAKE-0033,SN-FAKE-0033,57,90,56,No,Otro,RUDOLF RIESTER GMBH,18,2024-05-24
65,58,41,Equipo biomédico ficticio 34,Medtronic,MOD-4029,SN-FAKE-0034,"1, 4, UCI PEDIATRICA, CUBICULO 06",UCI PEDIATRICA,CENTRO DE CUIDADOS CARDIONEUROVASCULARES PABON,Clase IIA,2017DM-0001461-R1,43,33,15,10,Biomédico,40,Equipo biomédico ficticio 34,92,44,1,69,Activo,No determinado,12,38,ACARE,2024-10-24,2023-09-25,2024-07-06,2023-06-20,2025-06-28,2024-02-05,2024-02-27,2024-06-23,91,63,49,84,14,Vencida,12,27,48,39,36,54,Compra,Equipo biomédico ficticio 34,134,"EQUIPO DADO DE BAJA, PENDIENTE ACTA DE BAJA POR LA COORDINACIÓN GESTIÓN DE LA TECNOLOGÍA",Colombia,21,28,70,3,65,DOMETAL SAS,2026-04-08,47,84,78,No Evaluado,SAN IGNACIO,SN-FAKE-0034,SN-FAKE-0034,SN-FAKE-0034,SN-FAKE-0034,SN-FAKE-0034,86,75,16,No,Otro,MINDRAY MEDICAL COLOMBIA SAS,3,2023-07-01
4,15,43,Equipo biomédico ficticio 35,Medtronic,MOD-2127,SN-FAKE-0035,"1, 4, UCI PEDIATRICA, CUBICULO 07",UCI PEDIATRICA,CENTRO DE CUIDADOS CARDIONEUROVASCULARES PABON,Clase I,2014DM-0010936,55,43,32,99,Biomédico,92,Equipo biomédico ficticio 35,71,96,83,4,Activo,No determinado,29,82,MINDRAY MEDICAL SA,2025-05-03,2026-04-11,2023-02-24,2026-08-05,2025-03-01,2023-01-04,2026-05-17,2026-07-21,24,59,23,16,52,No Definida,94,61,25,20,60,58,Compra,Equipo biomédico ficticio 35,BIO-11588,"EQUIPO DADO DE BAJA, PENDIENTE ACTA DE BAJA POR LA COORDINACIÓN GESTIÓN DE LA TECNOLOGÍA",Germany,93,50,17,27,44,INVERMEDICA,2023-06-09,90,48,60,No Evaluado,SAN IGNACIO,SN-FAKE-0035,SN-FAKE-0035,SN-FAKE-0035,SN-FAKE-0035,SN-FAKE-0035,17,75,61,No,Otro,DOMETAL SAS,89,2026-09-19
74,7,77,Equipo biomédico ficticio 36,Philips,MOD-3112,SN-FAKE-0036,"1, 1 PISO, BIOMEDICOS, BIOMEDICOS",UCI PEDIATRICA,CENTRO DE CUIDADOS CARDIONEUROVASCULARES PABON,Clase IIB,2014DM-0010936,87,13,17,10,Biomédico,81,Equipo biomédico ficticio 36,67,30,50,53,Activo,No determinado,78,23, IMEQUIPOS IMETAN S.A.S,2022-12-30,2025-03-29,2025-03-07,2024-07-15,2023-08-18,2026-01-01,2022-09-11,2023-08-15,39,19,2,63,75,No Definida,66,69,9,83,66,19,Compra,Equipo biomédico ficticio 36,1216,"EQUIPO DADO DE BAJA, PENDIENTE ACTA DE BAJA POR LA COORDINACIÓN GESTIÓN DE LA TECNOLOGÍA",Colombia,7,42,81,24,48,BIOSERVICIOS S.A.S,2025-06-25,38,87,22,No Evaluado,SAN IGNACIO,SN-FAKE-0036,SN-FAKE-0036,SN-FAKE-0036,SN-FAKE-0036,SN-FAKE-0036,58,58,89,No,Otro,MINDRAY MEDICAL COLOMBIA SAS,21,2025-12-26
56,48,54,Equipo biomédico ficticio 37,Dräger,MOD-5941,SN-FAKE-0037,"1, 4, UCI PEDIATRICA, CUBICULO 09",UCI PEDIATRICA,CENTRO DE CUIDADOS CARDIONEUROVASCULARES PABON,Clase IIB,2018DM-0003367-R1,43,11,73,92,Biomédico,29,Equipo biomédico ficticio 37,45,38,79,70,Activo,No determinado,74,90,RUDOLF RIESTER GMBH,2024-04-03,2025-03-20,2024-09-28,2023-01-22,2026-07-31,2026-08-14,2024-03-14,2024-12-12,64,99,39,27,24,Vencida,11,15,23,60,1,48,Compra,Equipo biomédico ficticio 37,691,"EQUIPO DADO DE BAJA, PENDIENTE ACTA DE BAJA POR LA COORDINACIÓN GESTIÓN DE LA TECNOLOGÍA",China,23,41,99,81,68,COVIDIEN,2023-01-03,28,67,31,No Evaluado,SAN IGNACIO,SN-FAKE-0037,SN-FAKE-0037,SN-FAKE-0037,SN-FAKE-0037,SN-FAKE-0037,87,43,39,No,Otro,"PACIFIC HOSPITAL SUPPLYCO., LTD.",37,2023-01-05
64,88,61,Equipo biomédico ficticio 38,Medtronic,MOD-8766,SN-FAKE-0038,"1, 4, UCI PEDIATRICA, CUBICULO 01",UCI PEDIATRICA,CENTRO DE CUIDADOS CARDIONEUROVASCULARES PABON,Clase I,2019DM-19998,85,79,49,35,Biomédico,68,Equipo biomédico ficticio 38,85,65,98,91,Activo,No determinado,18,28,ACARE TECHNOLOGY CO.LTD,2026-02-10,2022-10-08,2025-02-08,2024-09-26,2025-01-07,2026-07-20,2023-05-14,2023-10-15,46,65,60,75,41,Vencida,68,16,67,48,30,73,Compra,Equipo biomédico ficticio 38,7671,"EQUIPO DADO DE BAJA, PENDIENTE ACTA DE BAJA POR LA COORDINACIÓN GESTIÓN DE LA TECNOLOGÍA",Italy,78,45,5,54,44,SEGTEC,2023-05-31,56,34,88,No Evaluado,SAN IGNACIO,SN-FAKE-0038,SN-FAKE-0038,SN-FAKE-0038,SN-FAKE-0038,SN-FAKE-0038,7,74,88,No,Otro,PHYSIOTRAUMA SAS,95,2024-08-30
64,81,59,Equipo biomédico ficticio 39,Dräger,MOD-8550,SN-FAKE-0039,"1, 4, UCI PEDIATRICA, CUBICULO 01",UCI PEDIATRICA,CENTRO DE CUIDADOS CARDIONEUROVASCULARES PABON,Clase IIB,2019EBC-0001832-R1,10,94,71,77,Biomédico,89,Equipo biomédico ficticio 39,40,63,7,28,Activo,0,36,21,COVIDEN LLC,2026-08-12,2025-05-29,2023-04-13,2024-03-19,2023-01-20,2025-03-14,2023-12-29,2022-09-07,35,27,59,26,75,No Definida,67,43,31,63,16,85,Compra,Equipo biomédico ficticio 39,3666,"EQUIPO DADO DE BAJA, PENDIENTE ACTA DE BAJA POR LA COORDINACIÓN GESTIÓN DE LA TECNOLOGÍA",Colombia,86,42,25,19,73,ORTHOWELL,2022-10-20,27,4,32,No Evaluado,SAN IGNACIO,SN-FAKE-0039,SN-FAKE-0039,SN-FAKE-0039,SN-FAKE-0039,SN-FAKE-0039,39,18,59,No,Otro,PHYSIOTRAUMA SAS,70,2026-02-11
41,37,94,Equipo biomédico ficticio 40,GE Healthcare,MOD-7317,SN-FAKE-0040,"1, 4, UCI PEDIATRICA, CARRO DE PARO",UCI PEDIATRICA,CENTRO DE CUIDADOS CARDIONEUROVASCULARES PABON,Clase IIA,2014DM-0011125,63,28,88,36,Biomédico,85,Equipo biomédico ficticio 40,23,14,53,37,Activo,0,58,63,DOMETAL,2026-04-08,2026-09-08,2024-02-02,2024-07-04,2026-04-23,2026-08-16,2024-02-22,2024-01-21,86,84,75,97,49,Vencida,27,40,48,33,66,87,Compra,Equipo biomédico ficticio 40,00008991,"EQUIPO DADO DE BAJA, PENDIENTE ACTA DE BAJA POR LA COORDINACIÓN GESTIÓN DE LA TECNOLOGÍA",Alemania,49,15,57,88,46,INVERMEDICA,2025-04-17,93,37,87,No Evaluado,SAN IGNACIO,SN-FAKE-0040,SN-FAKE-0040,SN-FAKE-0040,SN-FAKE-0040,SN-FAKE-0040,97,43,13,No,Otro,MINDRAY MEDICAL COLOMBIA SAS,52,2022-12-23
34,16,40,Equipo biomédico ficticio 41,Medtronic,MOD-2662,SN-FAKE-0041,"1, 4, UCI PEDIATRICA, CARRO DE PARO",UCI PEDIATRICA,CENTRO DE CUIDADOS CARDIONEUROVASCULARES PABON,Clase I,2019EBC-0003486-R1,45,38,26,19,Biomédico,66,Equipo biomédico ficticio 41,29,89,13,22,Activo,No determinado,78,29,DOMETAL,2025-02-06,2024-01-26,2025-06-09,2026-08-09,2026-06-13,2024-06-21,2026-06-10,2022-10-03,52,27,66,19,29,No Definida,52,71,47,62,45,26,Compra,Equipo biomédico ficticio 41,7671,"EQUIPO DADO DE BAJA, PENDIENTE ACTA DE BAJA POR LA COORDINACIÓN GESTIÓN DE LA TECNOLOGÍA",United States,26,9,57,49,69,NO REGISTRA,2024-08-27,11,63,10,No Evaluado,SAN IGNACIO,SN-FAKE-0041,SN-FAKE-0041,SN-FAKE-0041,SN-FAKE-0041,SN-FAKE-0041,84,71,2,No,Otro,DOMETAL SAS,2,2023-09-28
82,10,18,Equipo biomédico ficticio 42,Philips,MOD-9152,SN-FAKE-0042,"1, 4, UCI PEDIATRICA, CUBICULO 02",UCI PEDIATRICA,CENTRO DE CUIDADOS CARDIONEUROVASCULARES PABON,Clase I,2019EBC-0003486-R1,4,12,90,94,Biomédico,35,Equipo biomédico ficticio 42,58,6,44,65,Activo,No determinado,92,25,BOKANG MEDICAL TREATMENT,2024-07-19,2026-08-04,2026-05-15,2025-06-04,2026-03-17,2025-08-17,2022-12-19,2026-07-16,8,31,91,37,68,No Definida,45,70,87,97,21,22,Compra,Equipo biomédico ficticio 42,BIO-11588,"EQUIPO DADO DE BAJA, PENDIENTE ACTA DE BAJA POR LA COORDINACIÓN GESTIÓN DE LA TECNOLOGÍA",Colombia,34,28,63,12,10,SEGTEC,2023-09-10,34,51,76,No Evaluado,SAN IGNACIO,SN-FAKE-0042,SN-FAKE-0042,SN-FAKE-0042,SN-FAKE-0042,SN-FAKE-0042,22,46,62,No,Otro,"PACIFIC HOSPITAL SUPPLYCO., LTD.",48,2026-08-22
62,13,85,Equipo biomédico ficticio 43,Philips,MOD-8836,SN-FAKE-0043,"1, 4, UCI PEDIATRICA, CUBICULO 06",UCI PEDIATRICA,CENTRO DE CUIDADOS CARDIONEUROVASCULARES PABON,Clase I,2021DM-0024558,33,48,40,87,Biomédico,17,Equipo biomédico ficticio 43,4,42,100,69,Activo,No determinado,33,69,XENON,2023-11-04,2023-09-14,2023-09-21,2023-07-14,2024-10-23,2024-07-29,2023-01-25,2026-08-30,2,52,15,92,89,No Definida,2,53,55,67,69,95,Compra,Equipo biomédico ficticio 43,FE 1046,"EQUIPO DADO DE BAJA, PENDIENTE ACTA DE BAJA POR LA COORDINACIÓN GESTIÓN DE LA TECNOLOGÍA",China,76,8,14,2,4,SEGTEC,2023-02-07,3,61,69,No Evaluado,SAN IGNACIO,SN-FAKE-0043,SN-FAKE-0043,SN-FAKE-0043,SN-FAKE-0043,SN-FAKE-0043,30,43,91,No,Otro,MINDRAY MEDICAL COLOMBIA SAS,98,2023-06-29
22,87,36,Equipo biomédico ficticio 44,Mindray,MOD-4070,SN-FAKE-0044,"1, 4, UCI PEDIATRICA, CUBICULO 05",UCI PEDIATRICA,CENTRO DE CUIDADOS CARDIONEUROVASCULARES PABON,Clase I,2019EBC-0003486-R1,75,4,51,34,Biomédico,18,Equipo biomédico ficticio 44,16,87,90,3,Activo,0,6,76,AMERICAN DIAGNOSTIC CORPORATION,2024-02-14,2025-09-16,2026-03-19,2022-10-12,2026-09-16,2022-08-14,2023-01-25,2023-04-04,65,66,56,7,56,No Definida,78,56,46,84,88,84,Compra,Equipo biomédico ficticio 44,00008991,"EQUIPO DADO DE BAJA, PENDIENTE ACTA DE BAJA POR LA COORDINACIÓN GESTIÓN DE LA TECNOLOGÍA",Colombia,40,59,96,56,68,INVERMEDICA LTDA,2023-09-05,66,100,7,No Evaluado,SAN IGNACIO,SN-FAKE-0044,SN-FAKE-0044,SN-FAKE-0044,SN-FAKE-0044,SN-FAKE-0044,55,53,53,No,Otro,RUDOLF RIESTER GMBH,26,2024-09-27
53,55,7,Equipo biomédico ficticio 45,Medtronic,MOD-4411,SN-FAKE-0045,"1, 4, UCI PEDIATRICA, CUBICULO 05",UCI PEDIATRICA,CENTRO DE CUIDADOS CARDIONEUROVASCULARES PABON,Clase I,2019EBC-0001832-R1,7,24,5,54,Biomédico,66,Equipo biomédico ficticio 45,73,20,44,34,Activo,No determinado,46,62,COVIDIEN,2024-10-23,2024-09-03,2023-08-27,2023-01-29,2025-01-23,2026-06-17,2024-09-11,2026-02-27,78,29,78,1,84,No Definida,40,65,34,37,1,66,Compra,Equipo biomédico ficticio 45,134,"EQUIPO DADO DE BAJA, PENDIENTE ACTA DE BAJA POR LA COORDINACIÓN GESTIÓN DE LA TECNOLOGÍA",China,35,48,41,5,56,DOMETAL,2025-09-30,94,29,47,No Evaluado,SAN IGNACIO,SN-FAKE-0045,SN-FAKE-0045,SN-FAKE-0045,SN-FAKE-0045,SN-FAKE-0045,12,77,5,No,Otro,"PACIFIC HOSPITAL SUPPLYCO., LTD.",94,2026-03-20
47,36,91,Equipo biomédico ficticio 46,Medtronic,MOD-2776,SN-FAKE-0046,"1, 4, UCI PEDIATRICA, CUBICULO 07",UCI PEDIATRICA,CENTRO DE CUIDADOS CARDIONEUROVASCULARES PABON,Clase IIB,2014DM-0011112,31,48,41,72,Biomédico,4,Equipo biomédico ficticio 46,9,82,90,90,Activo,No determinado,42,89,"SHENZHEN MINDRAY BIOMEDICAL ELECTRONICS CO.,LTD",2024-03-10,2023-04-28,2026-06-18,2023-06-07,2025-02-14,2023-10-01,2026-06-25,2023-06-11,43,55,92,27,62,Vencida,50,62,74,92,13,93,Compra,Equipo biomédico ficticio 46,134,"EQUIPO DADO DE BAJA, PENDIENTE ACTA DE BAJA POR LA COORDINACIÓN GESTIÓN DE LA TECNOLOGÍA",Alemania,48,28,22,37,30,INVERMEDICA,2025-12-13,75,50,33,No Evaluado,SAN IGNACIO,SN-FAKE-0046,SN-FAKE-0046,SN-FAKE-0046,SN-FAKE-0046,SN-FAKE-0046,13,10,11,No,Otro,"PACIFIC HOSPITAL SUPPLYCO., LTD.",25,2023-06-30
15,86,88,Equipo biomédico ficticio 47,Mindray,MOD-6546,SN-FAKE-0047,"1, 4, UCI PEDIATRICA, CUBICULO 06",UCI PEDIATRICA,CENTRO DE CUIDADOS CARDIONEUROVASCULARES PABON,Clase IIA,2019EBC-0001832-R1,79,70,81,31,Biomédico,90,Equipo biomédico ficticio 47,67,22,95,36,Activo,No determinado,33,51, IMEQUIPOS IMETAN S.A.S,2023-08-11,2024-10-01,2026-03-15,2023-06-22,2024-10-31,2024-03-08,2022-11-16,2023-02-16,34,6,83,44,26,Vencida,12,36,85,8,27,10,Compra,Equipo biomédico ficticio 47,00008991,"EQUIPO DADO DE BAJA, PENDIENTE ACTA DE BAJA POR LA COORDINACIÓN GESTIÓN DE LA TECNOLOGÍA",Colombia,24,53,93,87,25,BAP INGENIERIA S.A.S.,2024-07-04,60,27,69,No Evaluado,SAN IGNACIO,SN-FAKE-0047,SN-FAKE-0047,SN-FAKE-0047,SN-FAKE-0047,SN-FAKE-0047,27,41,54,No,Otro,PHYSIOTRAUMA SAS,25,2023-01-13
29,88,16,Equipo biomédico ficticio 48,Dräger,MOD-8592,SN-FAKE-0048,"1, 4, HOSPITALIZACION PEDIATRICA, CUBICULO 5",UCI PEDIATRICA,CENTRO DE CUIDADOS CARDIONEUROVASCULARES PABON,Clase IIB,2020EBC-0005463-R1,71,5,62,46,Biomédico,9,Equipo biomédico ficticio 48,44,6,79,2,Activo,0,95,63,"SHENZHEN MINDRAY BIOMEDICAL ELECTRONICS CO.,LTD",2026-05-20,2024-02-16,2023-04-04,2024-05-08,2025-04-17,2024-12-27,2023-01-17,2024-10-27,80,38,9,2,5,No Definida,20,21,56,73,21,49,Compra,Equipo biomédico ficticio 48,FE 1046,"EQUIPO DADO DE BAJA, PENDIENTE ACTA DE BAJA POR LA COORDINACIÓN GESTIÓN DE LA TECNOLOGÍA",China,28,67,64,23,5,COVIDIEN  COLOMBIA,2024-03-14,54,31,8,No Evaluado,SAN IGNACIO,SN-FAKE-0048,SN-FAKE-0048,SN-FAKE-0048,SN-FAKE-0048,SN-FAKE-0048,62,4,89,No,Otro,RUDOLF RIESTER GMBH,82,2025-09-20
56,7,89,Equipo biomédico ficticio 49,GE Healthcare,MOD-9313,SN-FAKE-0049,"1, 0, BODEGA ACTIVOS FIJOS, BODEGA ACTIVOS FIJOS",UCI PEDIATRICA,CENTRO DE CUIDADOS CARDIONEUROVASCULARES PABON,Clase IIB,2019EBC-0003486-R1,22,79,65,73,Biomédico,81,Equipo biomédico ficticio 49,62,73,45,62,Activo,No determinado,16,42,"WENZHOU BOKANG INSTRUMENTS CO,. LTD",2023-03-26,2026-01-16,2022-08-29,2023-10-27,2024-07-05,2025-03-30,2022-09-05,2024-03-01,82,18,27,63,54,Vencida,67,83,24,15,40,95,Compra,Equipo biomédico ficticio 49,00008991,"EQUIPO DADO DE BAJA, PENDIENTE ACTA DE BAJA POR LA COORDINACIÓN GESTIÓN DE LA TECNOLOGÍA",China,57,29,93,47,67,SEGTEC,2024-02-15,99,53,54,No Evaluado,SAN IGNACIO,SN-FAKE-0049,SN-FAKE-0049,SN-FAKE-0049,SN-FAKE-0049,SN-FAKE-0049,30,1,82,No,Otro,"PACIFIC HOSPITAL SUPPLYCO., LTD.",70,2026-07-04
83,15,78,Equipo biomédico ficticio 50,Mindray,MOD-8172,SN-FAKE-0050,"1, 1 PISO, BIOMEDICOS, BIOMEDICOS",BIOMEDICOS,CENTRO DE CUIDADOS CARDIONEUROVASCULARES PABON,Clase I,2017DM-0015978,44,41,25,49,Biomédico,78,Equipo biomédico ficticio 50,84,82,61,18,Activo,4 años,45,32,MINDRAY,2024-04-20,2026-09-07,2026-05-27,2025-09-28,2026-06-21,2025-09-16,2023-04-24,2023-12-17,37,52,32,89,88,No Definida,81,72,77,8,10,16,Compra,Equipo biomédico ficticio 50,1166248,"EQUIPO DADO DE BAJA, PENDIENTE ACTA DE BAJA POR LA COORDINACIÓN GESTIÓN DE LA TECNOLOGÍA",Colombia,75,46,14,13,23,SEGTEC,2023-05-26,60,2,38,No Evaluado,SAN IGNACIO,SN-FAKE-0050,SN-FAKE-0050,SN-FAKE-0050,SN-FAKE-0050,SN-FAKE-0050,43,18,97,No,Otro,RUDOLF RIESTER GMBH,48,2023-10-03
