NOMBRE DEL EQUIPO,MARCA,MODELO,SERIE,ACTIVO (PLACA),CLASIFICACION DE RIESGO,VIDA UTIL,REGISTRO INVIMA,AREA,SEDE,INSTITUCION (CLIENTE),FRECUENCIA CALIBRACION,FRECUENCIA DE MANTENIMIENTO,COSTO DEL EQUIPO,CLASIFICACION BIOMEDICA,FECHA INICIA GARANTÍA,FECHA FINALIZA GARANTÍA,ULTIMA CALIBRACIÓN,ÚLTIMO PREVENTIVO,PRÓXIMA PREVENTIVO
CAMA HOSPITALARIA ELECTRICA,PHYSIOTRAUMA,BED2000,201912241192,6592,No Evaluado,10.0,2016DM-0014842,ALTA DEPENDENCIA OBSTETRICA,SAN IGNACIO,CENTRO DE CUIDADOS CARDIONEUROVASCULARES PABON,0,12,0,Clase I,2023-03-08,2024-03-08,,,
PULSIOXIMETRO,BOXYM,OSPORT,21032501170801394,5493,No Evaluado,,NO REGISTRA,ALTA DEPENDENCIA OBSTETRICA,SAN IGNACIO,CENTRO DE CUIDADOS CARDIONEUROVASCULARES PABON,12,6,0,Clase IIB,,,,,
MONITOR DE SIGNOS VITALES,MINDRAY,IMEC12,EV-8B041452,3237,No Evaluado,10.0,2019EBC-0003486-R1,ALTA DEPENDENCIA OBSTETRICA,SAN IGNACIO,CENTRO DE CUIDADOS CARDIONEUROVASCULARES PABON,12,6,5831000,Clase IIB,2019-02-13,2020-02-13,,,
MONITOR DE SIGNOS VITALES,MINDRAY,IMEC12,EV-8B041453,3239,No Evaluado,10.0,2019EBC-0003486-R1,ALTA DEPENDENCIA OBSTETRICA,SAN IGNACIO,CENTRO DE CUIDADOS CARDIONEUROVASCULARES PABON,12,6,5831000,Clase IIB,2019-02-13,2020-02-13,,,
VENTILADOR MECANICO,MINDRAY,SV300,GB-08028088,5123,No Evaluado,10.0,2022EBC-0009226-R1,ALTA DEPENDENCIA OBSTETRICA,SAN IGNACIO,CENTRO DE CUIDADOS CARDIONEUROVASCULARES PABON,12,6,40077200,Clase IIB,2021-01-18,2022-01-18,,,
EQUIPO DE ORGANOS,WELCH ALLYN,POCKET LED,92871 - WHT,6945,No Evaluado,10.0,2017DM-0017343,ALTA DEPENDENCIA OBSTETRICA,SAN IGNACIO,CENTRO DE CUIDADOS CARDIONEUROVASCULARES PABON,0,12,0,Clase I,2023-08-24,2024-08-23,,,
FONENDOSCOPIO,GMD,GMD30,NO REGISTRA,5913,No Evaluado,10.0,2015DM-0014070,ALTA DEPENDENCIA OBSTETRICA,SAN IGNACIO,CENTRO DE CUIDADOS CARDIONEUROVASCULARES PABON,0,12,0,Clase I,,,,,
FONENDOSCOPIO,LORD,HS-30B,NO REGISTRA,3150,No Evaluado,10.0,2019DM-0020085,ALTA DEPENDENCIA OBSTETRICA,SAN IGNACIO,CENTRO DE CUIDADOS CARDIONEUROVASCULARES PABON,0,12,0,Clase I,,,,,
FONENDOSCOPIO,LORD,HS-30B,NO REGISTRA,3151,No Evaluado,10.0,2019DM-0020085,ALTA DEPENDENCIA OBSTETRICA,SAN IGNACIO,CENTRO DE CUIDADOS CARDIONEUROVASCULARES PABON,0,12,0,Clase I,,,,,
FONENDOSCOPIO,LORD,HS-30B,NO REGISTRA,3152,No Evaluado,10.0,2019DM-0020085,ALTA DEPENDENCIA OBSTETRICA,SAN IGNACIO,CENTRO DE CUIDADOS CARDIONEUROVASCULARES PABON,0,12,0,Clase I,,,,,
FONENDOSCOPIO,LORD,HS-30B,NO REGISTRA,3153,No Evaluado,10.0,2019DM-0020085,ALTA DEPENDENCIA OBSTETRICA,SAN IGNACIO,CENTRO DE CUIDADOS CARDIONEUROVASCULARES PABON,0,12,0,Clase I,,,,,
FONENDOSCOPIO,LORD,HS-30B,NO REGISTRA,3147,No Evaluado,10.0,2019DM-0020085,ALTA DEPENDENCIA OBSTETRICA,SAN IGNACIO,CENTRO DE CUIDADOS CARDIONEUROVASCULARES PABON,0,12,0,Clase I,,,,,
FONENDOSCOPIO,LORD,HS-30B,NO REGISTRA,3148,No Evaluado,10.0,2019DM-0020085,ALTA DEPENDENCIA OBSTETRICA,SAN IGNACIO,CENTRO DE CUIDADOS CARDIONEUROVASCULARES PABON,0,12,0,Clase I,,,,,
FONENDOSCOPIO,GMD,GMD30-DCK,NO REGISTRA,6564,No Evaluado,5.0,2020DM-0022263,ALTA DEPENDENCIA OBSTETRICA,SAN IGNACIO,CENTRO DE CUIDADOS CARDIONEUROVASCULARES PABON,0,12,0,Clase I,2023-09-01,2024-09-01,,,
LARINGOSCOPIO,HILL-ROM,60813,'732094142907,6946,No Evaluado,10.0,2018DM-0018133,ALTA DEPENDENCIA OBSTETRICA,SAN IGNACIO,CENTRO DE CUIDADOS CARDIONEUROVASCULARES PABON,0,12,0,Clase I,,2023-08-24,,,
MONITOR DE SIGNOS VITALES,MINDRAY,IMEC12,EV-8B041459,3242,No Evaluado,10.0,2019EBC-0003486-R1,ALTA DEPENDENCIA OBSTETRICA,SAN IGNACIO,CENTRO DE CUIDADOS CARDIONEUROVASCULARES PABON,12,6,0,Clase IIB,2019-02-13,2020-02-13,,,
MONITOR DE SIGNOS VITALES,MINDRAY,IMEC12,EV-8B041457,3243,No Evaluado,10.0,2019EBC-0003486-R1,ALTA DEPENDENCIA OBSTETRICA,SAN IGNACIO,CENTRO DE CUIDADOS CARDIONEUROVASCULARES PABON,12,6,0,Clase IIB,2019-02-13,2020-02-13,,,
MONITOR DE SIGNOS VITALES,MINDRAY,IMEC12,EV-8B041460,3244,No Evaluado,10.0,2019EBC-0003486-R1,ALTA DEPENDENCIA OBSTETRICA,SAN IGNACIO,CENTRO DE CUIDADOS CARDIONEUROVASCULARES PABON,12,6,0,Clase IIB,2019-02-13,2020-02-13,,,
MONITOR DE SIGNOS VITALES,MINDRAY,IMEC12,EV-8B041465,3592,No Evaluado,10.0,2019EBC-0003486-R1,ALTA DEPENDENCIA OBSTETRICA,SAN IGNACIO,CENTRO DE CUIDADOS CARDIONEUROVASCULARES PABON,12,6,6865690,Clase IIB,2019-08-15,2020-08-14,,,
MONITOR DE SIGNOS VITALES,MINDRAY,IMEC12,EV-8B041464,3593,No Evaluado,10.0,2019EBC-0003486-R1,ALTA DEPENDENCIA OBSTETRICA,SAN IGNACIO,CENTRO DE CUIDADOS CARDIONEUROVASCULARES PABON,12,6,6865690,Clase IIB,2019-08-15,2020-08-15,,,
MONITOR DE SIGNOS VITALES,MINDRAY,IMEC12,EV-8B041458,3240,No Evaluado,10.0,2019EBC-0003486-R1,ALTA DEPENDENCIA OBSTETRICA,SAN IGNACIO,CENTRO DE CUIDADOS CARDIONEUROVASCULARES PABON,12,6,0,Clase IIB,2019-02-13,2020-02-13,,,
MONITOR DE SIGNOS VITALES,MINDRAY,IMEC12,EV-8B041455,3241,No Evaluado,10.0,2019EBC-0003486-R1,ALTA DEPENDENCIA OBSTETRICA,SAN IGNACIO,CENTRO DE CUIDADOS CARDIONEUROVASCULARES PABON,12,6,0,Clase IIB,2019-02-13,2020-02-13,,,
PULSIOXIMETRO,HOMELIFE,AS-303,3030E204217020306642,6940,No Evaluado,10.0,2016EBC-0015254,ALTA DEPENDENCIA OBSTETRICA,SAN IGNACIO,CENTRO DE CUIDADOS CARDIONEUROVASCULARES PABON,12,6,0,Clase IIB,2023-09-01,2024-09-01,,,
REGULADOR DE OXIGENO,GMR,GMR870-015,21101527,6938,No Evaluado,10.0,2015DM-0014023,ALTA DEPENDENCIA OBSTETRICA,SAN IGNACIO,CENTRO DE CUIDADOS CARDIONEUROVASCULARES PABON,12,6,0,Clase IIA,2023-09-01,2024-09-01,,,
SUCCIONADOR PORTATIL,SMAF,SXT-5A,L5.23.0036,6287,No Evaluado,10.0,2017DM-0001310-R1,ALTA DEPENDENCIA OBSTETRICA,SAN IGNACIO,CENTRO DE CUIDADOS CARDIONEUROVASCULARES PABON,12,6,0,Clase IIA,2023-08-24,2024-08-24,,,
TENSIOMETRO,GMD,GMD30,211020442,4099,No Evaluado,10.0,2020DM-0021857,ALTA DEPENDENCIA OBSTETRICA,SAN IGNACIO,CENTRO DE CUIDADOS CARDIONEUROVASCULARES PABON,12,12,0,Clase I,2023-09-01,2024-09-01,,,
TERMOHIGROMETRO DIGITAL,KEX GERMANY,SH-109,NO REGISTRA,6937,No Evaluado,10.0,NO APLICA,ALTA DEPENDENCIA OBSTETRICA,SAN IGNACIO,CENTRO DE CUIDADOS CARDIONEUROVASCULARES PABON,12,12,0,No Aplica,2023-09-01,2024-09-01,,,
VENTILADOR MECANICO,MINDRAY,SV300,GB-13040264,5412,No Evaluado,10.0,2022EBC-0009226-R1,ALTA DEPENDENCIA OBSTETRICA,SAN IGNACIO,CENTRO DE CUIDADOS CARDIONEUROVASCULARES PABON,12,6,0,Clase IIB,2021-05-31,2022-05-31,,,
VENTILADOR MECANICO,MINDRAY,SV300,GB-12038441,5684,No Evaluado,10.0,2022EBC-0009226-R1,ALTA DEPENDENCIA OBSTETRICA,SAN IGNACIO,CENTRO DE CUIDADOS CARDIONEUROVASCULARES PABON,12,6,37000000,Clase IIB,2021-08-12,2022-08-12,,,
MONITOR DE SIGNOS VITALES,MINDRAY,IMEC12,EV-03054095,4730,No Evaluado,10.0,2019EBC-0003486-R1,ALTA DEPENDENCIA OBSTETRICA,SAN IGNACIO,CENTRO DE CUIDADOS CARDIONEUROVASCULARES PABON,12,6,0,Clase IIB,2020-07-22,2021-07-22,,,
CAMA HOSPITALARIA ELECTRICA,MUEBLES HOSPITALARIOS,MB-10-2,CC-6747,5628,No Evaluado,10.0,2014DM-0012181,ALTA DEPENDENCIA OBSTETRICA,SAN IGNACIO,CENTRO DE CUIDADOS CARDIONEUROVASCULARES PABON,0,12,0,Clase I,,,,,
TERMOHIGROMETRO DIGITAL,KEX GERMANY,SH-109,NO REGISTRA SERIAL,6665,No Evaluado,5.0,NO REGISTRA,ALTA DEPENDENCIA OBSTETRICA,SAN IGNACIO,CENTRO DE CUIDADOS CARDIONEUROVASCULARES PABON,12,12,75000,No Aplica,2024-03-24,2025-03-24,,,
INFUSOR,RIESTER,METPAK 1000,240420250,7731,No Evaluado,5.0,2021DM-0008031-R1,ALTA DEPENDENCIA OBSTETRICA,SAN IGNACIO,CENTRO DE CUIDADOS CARDIONEUROVASCULARES PABON,12,6,0,Clase I,,,,,
FLUJOMETRO DE OXIGENO,ACARE,FA-OS-04,3202010,7754,No Evaluado,5.0,2015DM-0012723,ALTA DEPENDENCIA OBSTETRICA,SAN IGNACIO,CENTRO DE CUIDADOS CARDIONEUROVASCULARES PABON,12,6,0,Clase IIA,,,,,
FLUJOMETRO DE OXIGENO,ACARE,FA-OS-04,2301973,7748,No Evaluado,5.0,2015DM-0012723,ALTA DEPENDENCIA OBSTETRICA,SAN IGNACIO,CENTRO DE CUIDADOS CARDIONEUROVASCULARES PABON,12,6,0,Clase IIA,,,,,
INFUSOR,RIESTER,METPAK 1000,240420256,7737,No Evaluado,5.0,2021DM-0008031-R1,ALTA DEPENDENCIA OBSTETRICA,SAN IGNACIO,CENTRO DE CUIDADOS CARDIONEUROVASCULARES PABON,12,12,0,Clase I,,,,,
FLUJOMETRO DE OXIGENO,ACARE,FA-OS-04,2301852,7751,No Evaluado,5.0,2015DM-0012723,ALTA DEPENDENCIA OBSTETRICA,SAN IGNACIO,CENTRO DE CUIDADOS CARDIONEUROVASCULARES PABON,12,6,0,Clase IIA,,,,,
INFUSOR,RIESTER,METPAK 1000,240420238,7728,No Evaluado,5.0,2021DM-0008031-R1,ALTA DEPENDENCIA OBSTETRICA,SAN IGNACIO,CENTRO DE CUIDADOS CARDIONEUROVASCULARES PABON,12,12,0,Clase I,,,,,
FLUJOMETRO DE OXIGENO,ACARE,FA-OS-04,2301972,7749,No Evaluado,5.0,2015DM-0012723,ALTA DEPENDENCIA OBSTETRICA,SAN IGNACIO,CENTRO DE CUIDADOS CARDIONEUROVASCULARES PABON,12,6,0,Clase IIA,,,,,
INFUSOR,RIESTER,METPAK 1000,240420245,7733,No Evaluado,5.0,2021DM-0008031-R1,ALTA DEPENDENCIA OBSTETRICA,SAN IGNACIO,CENTRO DE CUIDADOS CARDIONEUROVASCULARES PABON,12,12,0,Clase I,,,,,
