asset_tag,description,severity,reported_at,reported_by,resolved,resolved_at,resolution_notes
6592,El equipo no enciende durante la verificación operativa.,HIGH,2026-09-24 08:00:00,operativo01,false,,
5493,Se detecta funcionamiento intermitente durante el uso.,MEDIUM,2026-09-24 09:00:00,operativo02,false,,
3237,El equipo presenta alarma inesperada.,CRITICAL,2026-09-24 10:00:00,operativo03,false,,
3239,Se evidencia daño físico en un componente externo.,LOW,2026-09-24 11:00:00,operativo04,false,,
5123,Lecturas inestables durante la prueba funcional.,HIGH,2026-09-25 12:00:00,operativo05,false,,
6945,El equipo presenta ruido anormal durante la operación.,MEDIUM,2026-09-25 13:00:00,operativo06,false,,
5913,No responde correctamente a los controles.,HIGH,2026-09-25 14:00:00,operativo07,false,,
3150,Se detecta sobrecalentamiento durante la operación.,CRITICAL,2026-09-25 15:00:00,operativo08,false,,
3151,El equipo muestra error en pantalla.,MEDIUM,2026-09-26 16:00:00,operativo09,false,,
3152,Falla temporal durante la puesta en funcionamiento.,LOW,2026-09-26 17:00:00,operativo10,false,,
