asset_tag,kind,requested_date,requested_by,scheduled_date,notes,assigned_engineer,assigned_technician,is_completed
6592,PREVENTIVE,2026-09-24,operativo01,2026-09-27,Solicitud de mantenimiento preventivo programado.,ingeniero01,,true
5493,REPAIR,2026-09-24,operativo02,2026-09-28,Solicitud de mantenimiento correctivo por novedad reportada.,ingeniero02,,false
3237,PREVENTIVE,2026-09-24,operativo03,2026-09-29,Solicitud de mantenimiento preventivo programado.,ingeniero03,,false
3239,REPAIR,2026-09-25,operativo04,2026-10-01,Solicitud de mantenimiento correctivo por novedad reportada.,ingeniero04,,true
5123,PREVENTIVE,2026-09-25,operativo05,2026-09-28,Solicitud de mantenimiento preventivo programado.,ingeniero05,,false
6945,REPAIR,2026-09-25,operativo06,2026-09-29,Solicitud de mantenimiento correctivo por novedad reportada.,ingeniero01,,false
5913,PREVENTIVE,2026-09-26,operativo07,2026-10-01,Solicitud de mantenimiento preventivo programado.,ingeniero02,,true
3150,REPAIR,2026-09-26,operativo08,2026-10-02,Solicitud de mantenimiento correctivo por novedad reportada.,ingeniero03,,false
3151,PREVENTIVE,2026-09-26,operativo09,2026-09-29,Solicitud de mantenimiento preventivo programado.,ingeniero04,,false
3152,REPAIR,2026-09-27,operativo10,2026-10-01,Solicitud de mantenimiento correctivo por novedad reportada.,ingeniero05,,true
